Timestamp,X,Y,Z
20250207105810,1175,4765,-15577
20250207105811,2466,-10612,-7217
20250207105812,2628,-18890,13190
20250207105813,3074,-3412,21350
20250207105814,-9581,8846,8691
20250207105815,-8892,11424,7683
20250207105816,-8331,12200,7377
20250207105817,-1113,-15983,-2538
20250207105818,-1338,-12918,-10733
20250207105819,-630,-13558,-10301
20250207105820,10980,-13644,-6261
20250207105821,-2221,32758,-32753
20250207105822,23319,-11423,-32758
20250207105823,-7911,-3146,12663
20250207105824,3521,14658,11733
20250207105825,32758,-10337,-5178
20250207105826,7113,5939,20697
20250207105827,32758,-29477,11070
20250207105828,-8445,4652,12150
20250207105829,-1021,-17574,-7422
20250207105830,-1561,13072,9948
20250207105831,-4505,7869,13377
20250207105832,-5765,3481,16451
20250207105833,-10681,1277,13527
20250207105834,-6834,5316,13552
20250207105835,-10912,4177,11228
20250207105836,-13668,2794,8916
20250207105837,-13951,-6165,6306
20250207105838,-13356,-9622,-5031
20250207105839,-13071,-10649,-3070
20250207105840,-11974,-9547,7067
20250207105841,-11244,-10066,7634
20250207105842,-4752,-8824,12267
20250207105843,-6870,7446,11794
20250207105844,1888,-3193,17159
20250207105845,-3127,5601,-14838
20250207105846,-3286,-20,10202
20250207105847,-369,0,16472
20250207105848,-228,-342,16519
20250207105849,-8440,9537,9743
20250207105850,-11070,10996,4761
20250207105851,-11933,10433,5348
20250207105852,-10799,10774,5796
20250207105853,-11999,10593,3512
20250207105854,-1068,-2449,-16133
20250207105855,-58,-4886,-14841
20250207105856,-9858,4458,-12471
20250207105857,-10233,2273,-13340
20250207105858,-10104,1662,-12428
20250207105859,-8963,436,-14000
20250207105900,-10895,1008,-11641
20250207105901,-12076,864,-10483
20250207105902,-12980,12800,3531
20250207105903,-2202,-15190,-7079
20250207105904,-26,-12283,-13074
20250207105905,-13159,-9408,-3592
20250207105906,10382,-8539,5185
20250207105907,3138,10941,32764
20250207105908,7858,-505,-1125
20250207105909,-15063,4565,3558
20250207105910,-3573,-492,9334
20250207105911,-3813,7424,14431
20250207105912,972,22524,-1105
20250207105913,-6255,-1263,-15921
20250207105914,-7187,-8929,-3957
20250207105915,-16036,-3454,-4976
20250207105916,-12520,-6117,6980
20250207105917,-8938,8124,11723
20250207105918,-5188,10269,-7155
20250207105919,-13385,1337,-3015
20250207105920,-946,-27,16662
20250207105921,-2352,-189,16323
20250207105922,-2547,-306,16339
20250207105923,-2520,-191,16332
20250207105924,-2564,-272,16340
20250207105925,-2516,-274,16321
20250207105926,-2506,-229,16319
20250207105927,-2510,-255,16273
20250207105928,-2503,-254,16277
20250207105929,-2489,-259,16303
20250207105930,-2493,-255,16337
20250207105931,-2508,-254,16318
20250207105932,-2505,-218,16309
20250207105933,-2542,-275,16300
20250207105934,-2567,-255,16295
20250207105935,-2531,-259,16322
20250207105936,-2505,-232,16272
20250207105937,-2537,-256,16334
20250207105938,-2484,-547,16367
20250207105939,-2453,-265,16309
20250207105940,-2456,-55,16105
20250207105941,-2513,-365,16426
20250207105942,-2461,-228,16271
20250207105943,-2490,-255,16326
20250207105944,-2545,-277,16300
20250207105945,-2463,-248,16295
20250207105946,-2445,-238,16311
20250207105947,-2464,-252,16320
20250207105948,-2508,-257,16314
20250207105949,-2500,-235,16327
20250207105950,-2479,-210,16312
20250207105951,-2505,-233,16311
20250207105952,-2457,-209,16301
20250207105953,-2499,-241,16304
20250207105954,-2483,-189,16290
20250207105955,-6893,-2198,14602
20250207105956,-10817,-7262,11312
20250207105957,-3260,-6382,15763
20250207105958,-594,-5107,15671
20250207105959,-757,-2167,20343
20250207110000,-330,-1910,16391
20250207110001,-347,-2107,16384
20250207110002,-339,-2112,16431
20250207110003,-371,-2181,16348
20250207110004,-327,-2116,16365
20250207110005,-368,-2160,16349
20250207110006,-411,-2214,16271
20250207110007,-341,-2116,16389
20250207110008,-362,-2134,16374
20250207110009,-320,-2108,16386
20250207110010,-363,-2123,16373
20250207110011,-356,-2123,16387
20250207110012,-343,-2095,16403
20250207110013,-350,-2132,16383
20250207110014,-447,-2104,16391
20250207110015,-366,-1958,16271
20250207110016,-407,-2115,16406
20250207110017,-434,-2084,16384
20250207110018,-377,-2132,16377
20250207110019,-490,-2075,16399
20250207110020,-369,-2079,16348
20250207110021,-267,-2171,16453
20250207110022,-376,-2050,16371
20250207110023,-375,-2026,16400
20250207110024,-346,-1949,16403
20250207110025,-389,-2023,16420
20250207110026,-378,-1985,16383
20250207110027,-366,-2030,16405
20250207110028,-395,-2021,16440
20250207110029,-386,-2085,16144
20250207110030,-462,-1841,16422
20250207110031,-431,-1952,16384
20250207110032,-441,-1984,16357
20250207110033,-411,-1993,16400
20250207110034,-426,-1884,16450
20250207110035,-269,-2482,16362
20250207110036,-428,-1944,16416
20250207110037,-387,-1958,16408
20250207110038,-408,-1939,16430
20250207110039,-427,-1826,16497
20250207110040,-378,-1891,16408
20250207110041,-427,-1872,16419
20250207110042,-423,-1916,16369
20250207110043,-491,-1837,16417
20250207110044,-386,-1868,16403
20250207110046,-414,-1923,16424
20250207110047,-430,-1910,16402
20250207110048,-437,-1873,16397
20250207110049,-440,-1886,16417
20250207110050,-418,-1867,16410
20250207110051,-422,-1848,16380
20250207110052,-451,-1873,16411
20250207110053,-446,-1811,16452
20250207110054,-457,-1857,16424
20250207110055,-474,-1825,16413
20250207110056,-409,-1877,16391
20250207110057,-440,-1844,16438
20250207110058,-448,-1828,16393
20250207110059,-436,-1816,16385
20250207110100,-421,-1573,16171
20250207110101,-508,-1610,16582
20250207110102,-620,-1820,16382
20250207110103,-637,-1844,16442
20250207110104,-666,-1849,16411
20250207110105,-621,-1808,16422
20250207110106,-621,-1804,16425
20250207110107,-619,-1787,16400
20250207110108,-653,-1772,16379
20250207110109,-632,-1760,16417
20250207110110,-616,-1807,16397
20250207110111,-624,-1751,16416
20250207110112,-639,-1771,16429
20250207110113,-651,-1787,16382
20250207110114,-667,-1743,16428
20250207110115,-621,-1714,16425
20250207110116,-647,-1725,16438
20250207110117,-679,-1710,16388
20250207110118,-695,-1720,16397
20250207110119,-697,-1660,16408
20250207110120,-679,-1699,16419
20250207110121,-678,-1679,16411
20250207110122,-642,-1703,16438
20250207110123,-662,-1685,16385
20250207110124,-644,-1699,16444
20250207110125,-659,-1677,16416
20250207110126,-663,-1694,16388
20250207110127,-657,-1645,16426
20250207110128,-687,-1658,16425
20250207110129,-667,-1676,16433
20250207110130,-702,-1656,16409
20250207110131,-672,-1608,16427
20250207110132,-694,-1598,16434
20250207110133,-691,-1580,16436
20250207110134,-682,-1540,16475
20250207110135,-659,-1526,16440
20250207110136,-847,-1478,16456
20250207110137,-815,-1334,16424
20250207110138,-845,-1384,16429
20250207110139,-743,-1431,16468
20250207110140,-788,-1335,16468
20250207110141,-2814,-2990,8051
20250207110142,-9479,-27659,21953
20250207110143,32676,-32764,-32758
20250207110144,-7051,31772,26238
20250207110145,3891,-5431,18338
20250207110146,-471,-53,16465
20250207110147,-177,-638,16498
20250207110148,-170,-651,16501
20250207110149,-156,-675,16484
20250207110150,-174,-609,16488
20250207110151,-86,-563,16535
20250207110152,-179,-623,16536
20250207110153,-168,-592,16496
20250207110154,-150,-496,16421
20250207110155,-182,-576,16486
20250207110156,-124,-464,16484
20250207110157,-184,-540,16487
20250207110158,-196,-552,16460
20250207110159,-155,-491,16494
20250207110200,-195,-471,16502
20250207110201,-185,-492,16507
20250207110202,-183,-521,16527
20250207110203,-173,-488,16497
20250207110204,-167,-486,16504
20250207110205,-210,-457,16504
20250207110206,-249,-339,16515
20250207110207,-162,-422,16477
20250207110208,-178,-453,16530
20250207110209,-169,-483,16445
20250207110210,-245,-420,16461
20250207110211,-110,-691,16812
20250207110212,-103,-614,16484
20250207110213,-163,-615,16492
20250207110214,-311,-301,16488
20250207110215,8996,-13757,12595
20250207110216,7499,-14161,7481
20250207110217,-1620,-12830,8546
20250207110218,18547,-29237,14957
20250207110219,-14498,-9304,-5541
20250207110220,2464,-9500,8993
20250207110221,-74,-1814,16412
20250207110222,-132,-182,16536
20250207110223,-78,-819,16474
20250207110224,-184,-894,16471
20250207110225,-190,-888,16510
20250207110226,-233,-849,16470
20250207110227,-265,-890,16480
20250207110228,-235,-821,16491
20250207110229,-274,-823,16468
20250207110230,-280,-834,16494
20250207110231,-276,-790,16485
20250207110232,-288,-779,16489
20250207110233,-279,-761,16489
20250207110234,-250,-762,16500
20250207110235,-310,-742,16473
20250207110236,-310,-756,16493
20250207110237,-275,-709,16481
20250207110238,-350,-694,16484
20250207110239,-338,-756,16519
20250207110240,-321,-722,16481
20250207110241,-276,-715,16490
20250207110242,-315,-679,16489
20250207110243,-339,-736,16493
20250207110244,-370,-697,16493
20250207110245,-342,-710,16501
20250207110246,-298,-773,16516
20250207110247,-14724,-148,-7880
20250207110248,-16256,2199,-1578
20250207110249,-17026,1217,672
20250207110250,-611,-16416,647
20250207110251,8820,-11082,10508
20250207110252,-13304,5304,6906
20250207110253,1839,-12118,7362
20250207110254,3659,-8164,14182
20250207110255,449,-7102,17357
20250207110256,-1750,-5225,8137
20250207110257,-1821,10019,17646
20250207110258,2546,-6575,17248
20250207110259,-88,-330,16490
20250207110300,-241,-441,16336
20250207110301,-249,-492,16489
20250207110302,-289,-543,16510
20250207110303,-319,-527,16468
20250207110304,-443,-694,16493
20250207110305,-402,-641,16494
20250207110306,-424,-678,16466
20250207110307,-455,-700,16468
20250207110308,-478,-678,16518
20250207110309,-467,-720,16515
20250207110310,-485,-725,16495
20250207110311,-524,-691,16472
20250207110312,-489,-749,16470
20250207110313,-485,-739,16452
20250207110314,-506,-776,16466
20250207110315,-13181,-9657,-2175
20250207110316,4679,-13994,9629
20250207110317,5579,-13228,8716
20250207110318,4843,-11380,2079
20250207110319,5545,-14804,-3011
20250207110320,15212,-13109,11059
20250207110321,-4597,-13112,7764
20250207110322,-7946,-13875,6133
20250207110323,13359,-4375,-14808
20250207110324,11904,-1563,-15052
20250207110325,13384,-7958,566
20250207110326,274,-14747,4090
20250207110327,8572,-11623,10195
20250207110328,7631,-10139,7085
20250207110329,4123,-10312,9957
20250207110330,7459,-14443,6290
20250207110331,398,-15940,3868
20250207110332,-5864,-10875,8824
20250207110333,-3459,14520,19209
20250207110334,-9064,-5894,7474
20250207110335,-2726,-9834,2293
20250207110336,4547,-8189,12046
20250207110337,-22,-981,16509
20250207110338,-81,-698,16500
20250207110339,-210,-593,16509
20250207110340,-156,-543,16489
20250207110341,-187,-407,16492
20250207110342,-170,-328,16507
20250207110343,-171,-295,16517
20250207110344,-177,-306,16509
20250207110345,-158,-289,16500
20250207110346,-153,-264,16520
20250207110347,-154,-270,16482
20250207110348,-179,-251,16526
20250207110349,-169,-280,16495
20250207110350,-127,-254,16499
20250207110351,-182,-227,16524
20250207110352,-171,-308,16504
20250207110353,-179,-270,16518
20250207110354,-198,-263,16514
20250207110355,-148,-280,16468
20250207110356,-167,-267,16514
20250207110357,-144,-246,16502
20250207110358,-206,-237,16457
20250207110359,-185,-273,16497
20250207110400,-167,-273,16466
20250207110401,-174,-281,16502
20250207110402,-169,-277,16504
20250207110403,-150,-296,16529
20250207110404,-186,-269,16493
20250207110405,-172,-260,16504
20250207110406,-183,-319,16502
20250207110407,-188,-315,16465
20250207110408,-170,-270,16485
20250207110409,-188,-252,16492
20250207110410,-171,-279,16530
20250207110411,-172,-300,16508
20250207110412,-110,-213,16493
20250207110413,-124,-304,16490
20250207110414,-164,-241,16510
20250207110415,-176,-254,16482
20250207110416,-162,-265,16490
20250207110417,-180,-240,16472
20250207110418,-173,-283,16533
20250207110419,-191,-281,16520
20250207110420,-176,-234,16517
20250207110421,-183,-250,16522
20250207110422,-206,-225,16501
20250207110423,-146,-284,16515
20250207110424,-200,-257,16501
20250207110425,-160,-288,16501
20250207110426,-169,-273,16507
20250207110427,-162,-303,16523
20250207110428,-182,-291,16513
20250207110429,-148,-261,16516
20250207110430,-162,-300,16522
20250207110431,-147,-275,16501
20250207110432,-203,-256,16499
20250207110433,-164,-258,16520
20250207110434,-171,-293,16489
20250207110435,-202,-269,16510
20250207110436,-167,-262,16503
20250207110437,-185,-304,16505
20250207110438,-139,-297,16532
20250207110439,-167,-271,16498
20250207110440,-186,-285,16519
20250207110441,-176,-279,16498
20250207110442,-182,-277,16518
20250207110443,-177,-248,16481
20250207110444,-134,-264,16520
20250207110445,-154,-263,16522
20250207110446,-173,-266,16507
20250207110447,-179,-286,16487
20250207110448,-194,-250,16489
20250207110449,-157,-259,16467
20250207110450,-157,-279,16489
20250207110451,-156,-282,16507
20250207110452,-172,-295,16503
20250207110453,-150,-273,16501
20250207110454,-206,-245,16494
20250207110455,-186,-265,16481
20250207110456,-152,-258,16510
20250207110457,-173,-256,16485
20250207110458,-138,-274,16517
20250207110459,-149,-250,16514
20250207110500,-148,-303,16499
20250207110501,-155,-245,16528
20250207110502,-179,-261,16493
20250207110503,-180,-242,16501
20250207110504,-189,-294,16522
20250207110505,-164,-290,16494
20250207110506,-186,-285,16511
20250207110507,-152,-263,16504
20250207110508,-174,-307,16483
20250207110509,-175,-263,16507
20250207110510,-160,-276,16523
20250207110511,-152,-265,16476
20250207110512,-179,-281,16530
20250207110513,-182,-265,16472
20250207110514,-188,-300,16491
20250207110515,-177,-280,16510
20250207110516,-171,-298,16486
20250207110517,-175,-242,16502
20250207110518,-131,-253,16516
20250207110519,-110,-265,16531
20250207110520,-157,-286,16521
20250207110521,-158,-273,16504
20250207110522,-161,-274,16495
20250207110523,-177,-282,16475
20250207110524,-177,-299,16503
20250207110525,-154,-292,16488
20250207110526,-188,-244,16490
20250207110527,-183,-286,16478
20250207110528,-167,-266,16499
20250207110529,-155,-239,16526
20250207110530,-168,-250,16491
20250207110531,-161,-299,16528
20250207110532,-164,-251,16491
20250207110533,-184,-265,16500
20250207110534,-173,-262,16517
20250207110535,-164,-255,16489
20250207110536,-199,-242,16488
20250207110537,-174,-262,16492
20250207110538,-160,-261,16531
20250207110539,-147,-286,16512
20250207110540,-163,-265,16500
20250207110541,-168,-229,16505
20250207110542,-193,-279,16486
20250207110543,-150,-284,16518
20250207110544,-189,-344,16545
20250207110545,-166,-273,16521
20250207110546,-164,-293,16491
20250207110547,-128,-243,16505
20250207110548,-205,-287,16486
20250207110549,-163,-303,16515
20250207110550,-170,-302,16463
20250207110551,-226,-282,16510
20250207110552,-177,-276,16505
20250207110553,-156,-260,16498
20250207110554,-213,-263,16542
20250207110555,-192,-10,16437
20250207110556,9684,-2387,15731
20250207110557,4054,1919,15608
20250207110558,1212,-986,10041
20250207110559,1556,-4755,15771
20250207110600,1657,-5375,15607
20250207110601,1723,-5584,15507
20250207110602,1634,-5644,15501
20250207110603,1638,-5672,15507
20250207110604,1630,-5700,15498
20250207110605,1673,-5768,15490
20250207110606,1686,-5755,15465
20250207110607,1606,-5947,15439
20250207110608,8785,-5233,13040
20250207110609,8889,-5737,12011
20250207110610,10534,-6813,10344
20250207110611,9413,-8588,9619
20250207110612,12214,-5101,11168
20250207110613,15183,-3183,10099
20250207110614,12801,-2202,7032
20250207110615,15955,-934,9039
20250207110616,16588,753,7502
20250207110617,15536,3234,6661
20250207110618,14551,1155,6868
20250207110619,12921,-6632,11534
20250207110620,9452,-5297,12467
20250207110621,3545,-7048,13674
20250207110622,11,749,16956
20250207110623,34,-7842,14667
20250207110624,95,-8864,14061
20250207110625,3231,-13319,11114
20250207110626,5631,-5791,13379
20250207110627,12530,774,10720
20250207110628,12682,7371,6632
20250207110629,14473,10425,1953
20250207110630,14423,7702,1577
20250207110631,14083,7357,1638
20250207110632,14474,7240,1758
20250207110633,14546,7103,1784
20250207110634,14849,6973,1906
20250207110635,14632,6859,1981
20250207110636,14662,6808,1993
20250207110637,14680,6799,2019
20250207110638,14637,6710,2054
20250207110639,14710,6716,2065
20250207110640,14741,6677,2107
20250207110641,14750,6577,2137
20250207110642,14918,6602,2136
20250207110643,14750,6531,2164
20250207110644,14815,6516,2166
20250207110645,14823,6505,2221
20250207110646,14806,6410,2236
20250207110647,14819,6444,2252
20250207110648,14859,6399,2266
20250207110649,14873,6408,2234
20250207110650,14867,6382,2287
20250207110651,14859,6358,2287
20250207110652,14847,6331,2272
20250207110653,14862,6307,2288
20250207110654,14853,6325,2311
20250207110655,14890,6274,2308
20250207110656,14880,6299,2286
20250207110657,14862,6241,2312
20250207110658,14870,6219,2369
20250207110659,14901,6217,2315
20250207110700,14914,6234,2318
20250207110701,14889,6201,2342
20250207110702,14888,6184,2368
20250207110703,14932,6162,2341
20250207110704,14937,6166,2366
20250207110705,14885,6146,2350
20250207110706,14894,6210,2381
20250207110707,15007,6129,2394
20250207110708,14924,6161,2316
20250207110709,16893,3005,-1825
20250207110710,17979,4909,143
20250207110711,15032,6510,8931
20250207110712,17302,6323,5547
20250207110713,13172,-242,1663
20250207110714,19528,6065,-1327
20250207110715,12820,5357,1790
20250207110716,15175,5057,4946
20250207110717,12716,3651,7077
20250207110718,-1151,13811,16379
20250207110719,-8394,-6781,-7393
20250207110720,-11449,-16240,1972
20250207110721,2505,-8729,16767
20250207110722,-67,-3357,16219
20250207110723,911,-4783,16287
20250207110724,-95,-4316,16089
20250207110725,-127,-4069,16132
20250207110726,-138,-4105,16037
20250207110727,-176,-4143,16029
20250207110728,-200,-4175,16012
20250207110729,-158,-4163,16046
20250207110730,-181,-4128,16027
20250207110731,-193,-4119,16007
20250207110732,-207,-4084,16040
20250207110733,-271,-4062,16075
20250207110734,-269,-4081,16058
20250207110735,-290,-4022,16071
20250207110736,-285,-3975,16083
20250207110737,-298,-3942,16085
20250207110738,-361,-3916,16048
20250207110739,-314,-3879,16089
20250207110740,-362,-3900,16121
20250207110741,-357,-3900,16089
20250207110742,-407,-3830,16094
20250207110743,-405,-3881,16101
20250207110744,-392,-3766,16139
20250207110745,-414,-3686,16116
20250207110746,-490,-3680,16140
20250207110747,-352,-3803,16106
20250207110748,-291,-3807,16120
20250207110749,-540,-3936,16346
20250207110750,19,-5611,15595
20250207110751,722,-12205,10636
20250207110752,-84,-4013,16028
20250207110753,-116,-3765,15587
20250207110754,-50,-3274,16372
20250207110755,-247,-4953,15600
20250207110756,-536,-3511,16194
20250207110757,-12020,-1345,16345
20250207110758,-608,-3877,16054
20250207110759,-384,-4266,16000
20250207110800,-349,-4406,15926
20250207110801,-320,-4513,15935
20250207110802,-312,-4541,15923
20250207110803,-292,-4603,15925
20250207110804,-281,-4652,15922
20250207110805,-273,-4666,15863
20250207110806,-283,-4664,15883
20250207110807,-269,-4679,15823
20250207110808,-244,-4683,15890
20250207110809,-248,-4735,15861
20250207110810,-284,-4717,15841
20250207110811,-252,-4770,15847
20250207110812,-244,-4709,15884
20250207110813,-309,-4682,15872
20250207110814,-238,-4723,15898
20250207110815,-245,-4739,15876
20250207110816,-271,-4693,15882
20250207110817,-220,-4739,15896
20250207110818,-235,-4711,15878
20250207110819,-292,-4748,15845
20250207110820,-238,-4718,15870
20250207110821,-301,-4682,15862
20250207110822,-321,-4670,16119
20250207110823,-311,-4672,15900
20250207110824,-272,-4680,15877
20250207110825,-288,-4706,15871
20250207110826,-292,-4723,15860
20250207110827,-313,-4680,15879
20250207110828,-294,-4687,15866
20250207110829,-298,-4644,15862
20250207110830,-309,-4698,15890
20250207110831,-322,-4639,15868
20250207110832,-315,-4663,15877
20250207110833,-293,-4642,15916
20250207110834,-272,-4636,15861
20250207110835,-314,-4644,15872
20250207110836,-312,-4629,15865
20250207110837,-302,-4646,15908
20250207110838,-316,-4635,15937
20250207110839,-303,-4624,15903
20250207110840,-338,-4857,15914
20250207110841,-328,-4606,15950
20250207110842,-324,-4637,15916
20250207110843,-354,-4583,15882
20250207110844,-358,-4574,15882
20250207110845,-323,-4565,15908
20250207110846,-341,-4550,15911
20250207110847,-332,-4555,15894
20250207110848,-364,-4578,15914
20250207110849,-374,-4550,15898
20250207110851,-401,-4537,15934
20250207110852,-369,-4545,15899
20250207110853,-450,-4528,15922
20250207110854,-358,-4508,15900
20250207110855,-381,-4506,15942
20250207110856,-405,-4568,15929
20250207110857,-366,-4499,15919
20250207110858,-415,-4502,15920
20250207110859,-406,-4494,15942
20250207110900,-372,-4455,15936
20250207110901,-375,-4474,15940
20250207110902,-412,-4471,15948
20250207110903,-403,-4439,15947
20250207110904,-422,-4440,15939
20250207110905,-416,-4424,15909
20250207110906,-332,-4408,15983
20250207110907,-398,-4430,15951
20250207110908,-367,-4443,15965
20250207110909,-428,-4431,15992
20250207110910,-453,-4431,15958
20250207110911,-440,-4385,15976
20250207110912,-464,-4398,15973
20250207110913,-418,-4382,15969
20250207110914,-443,-4373,15960
20250207110915,-440,-4403,15965
20250207110916,-442,-4382,15964
20250207110917,-425,-4368,15994
20250207110918,-452,-4355,15987
20250207110919,-417,-4382,15973
20250207110920,-458,-4306,16011
20250207110921,-458,-4326,15958
20250207110922,-478,-4354,16004
20250207110923,-466,-4294,15990
20250207110924,-443,-4339,15983
20250207110925,-428,-4342,15985
20250207110926,-480,-4291,15980
20250207110927,-474,-4301,15989
20250207110928,-427,-4287,15993
20250207110929,-500,-4264,15992
20250207110930,-464,-4186,16035
20250207110931,-505,-4262,16017
20250207110932,-529,-4289,16026
20250207110933,-521,-4226,16015
20250207110934,-497,-4286,15967
20250207110935,-496,-4212,15999
20250207110936,-487,-4259,15992
20250207110937,-517,-4181,15997
20250207110938,-504,-4252,16002
20250207110939,-544,-4237,16025
20250207110940,-549,-4181,16021
20250207110941,-526,-4214,16009
20250207110942,-536,-4200,15963
20250207110943,-492,-4196,16043
20250207110944,-489,-4179,15998
20250207110945,-548,-4189,15982
20250207110946,-530,-4191,16042
20250207110947,-520,-4180,15998
20250207110948,-559,-4179,16034
20250207110949,-517,-4163,16042
20250207110950,-551,-4186,15986
20250207110951,2276,1895,13585
20250207110952,-2114,-902,13407
20250207110953,2138,-9582,1555
20250207110954,2221,-3640,14381
20250207110955,3306,23323,13043
20250207110956,-514,4073,15544
20250207110957,860,-1673,16261
20250207110958,3195,-7310,17197
20250207110959,-931,-3360,18669
20250207111000,-304,-2470,16277
20250207111001,-518,-1602,17029
20250207111002,-235,-4405,15983
20250207111003,829,-4918,13022
20250207111004,-2039,-1079,16328
20250207111005,-2388,-937,16313
20250207111006,-2588,-910,16288
20250207111007,-2666,-885,16265
20250207111008,-2740,-907,16250
20250207111009,-2827,-869,16255
20250207111010,-2853,-876,16239
20250207111011,-2846,-933,16289
20250207111012,-2908,-803,16258
20250207111013,-2935,-848,16216
20250207111014,-2999,-809,16206
20250207111015,-3032,-796,16242
20250207111016,-3050,-752,16193
20250207111017,-3102,-807,16206
20250207111018,-3099,-754,16179
20250207111019,-3113,-788,16218
20250207111020,-3110,-815,16198
20250207111021,-3155,-816,16179
20250207111022,-3195,-788,16191
20250207111023,-3200,-791,16213
20250207111024,-3188,-782,16196
20250207111025,-3188,-828,16173
20250207111026,-3206,-770,16173
20250207111027,-3219,-783,16154
20250207111028,-3216,-744,16193
20250207111029,-3214,-784,16198
20250207111030,-3237,-773,16191
20250207111031,-3213,-770,16184
20250207111032,-3256,-704,16125
20250207111033,-3272,-754,16170
20250207111034,-3262,-805,16166
20250207111035,-3304,-777,16149
20250207111036,-3248,-759,16171
20250207111037,-3302,-784,16170
20250207111038,-3383,-488,16055
20250207111039,-3295,-776,16150
20250207111040,-3300,-748,16145
20250207111041,-3338,-732,16155
20250207111042,-3278,-746,16185
20250207111043,-3279,-752,16193
20250207111044,-3329,-773,16143
20250207111045,-3357,-711,16178
20250207111046,-3311,-699,16173
20250207111047,-3341,-1011,16151
20250207111048,-3315,-772,16171
20250207111049,-3318,-779,16156
20250207111050,-3349,-783,16125
20250207111051,-3381,-687,16152
20250207111052,-3360,-757,16141
20250207111053,-3313,-756,16143
20250207111054,-3373,-784,16153
20250207111055,-3352,-779,16147
20250207111056,-3377,-772,16161
20250207111057,-3364,-753,16173
20250207111058,-3386,-763,16120
20250207111059,-3379,-774,16126
20250207111100,-3381,-735,16166
20250207111101,-1597,-5469,15635
20250207111102,-2068,-4178,15806
20250207111103,-170,-12634,12181
20250207111104,-191,-10797,12764
20250207111105,-742,-9246,13807
20250207111106,-377,-14946,8528
20250207111107,-306,-13480,9337
20250207111108,-61,-13762,10182
20250207111109,-270,-15298,6636
20250207111110,-129,-15029,7220
20250207111111,-166,-14927,7485
20250207111112,-169,-14948,7490
20250207111113,-140,-15005,7418
20250207111114,-127,-14970,7398
20250207111115,-186,-14995,7356
20250207111116,-156,-15065,7357
20250207111117,-147,-15045,7314
20250207111118,-135,-15005,7337
20250207111119,-119,-15054,7291
20250207111120,-89,-15010,7258
20250207111121,-125,-15135,7167
20250207111122,-93,-15074,7153
20250207111123,-73,-15136,7127
20250207111124,-206,-15184,7147
20250207111125,-10,-15181,7060
20250207111126,-159,-15155,6992
20250207111127,-144,-15180,6991
20250207111128,-120,-15204,6976
20250207111129,-147,-15206,6933
20250207111130,-100,-15239,6923
20250207111131,6551,-13883,6638
20250207111132,1159,-7442,16801
20250207111133,-928,-59,16470
20250207111134,-1820,-768,16078
20250207111135,-1,10,16872
20250207111136,-1588,6394,8374
20250207111137,5120,-1523,13856
20250207111138,-2753,1083,16031
20250207111139,-462,-36,16474
20250207111140,-521,-118,16485
20250207111141,-521,-161,16519
20250207111142,-564,-137,16497
20250207111143,-664,-172,16503
20250207111144,-685,-456,16496
20250207111145,-6632,-2294,13460
20250207111146,2531,-13203,-4112
20250207111147,-10346,11860,5116
20250207111148,713,-11306,-3735
20250207111149,1003,-12444,10849
20250207111150,-132,-8061,14567
20250207111151,-237,-7734,14671
20250207111152,-149,-7702,14696
20250207111153,-123,-7717,14655
20250207111154,-1211,-5662,15431
20250207111155,-14944,1531,6290
20250207111156,-8112,-4970,13329
20250207111157,-2799,-11669,14032
20250207111158,1573,-10172,528
20250207111159,-4196,470,14851
20250207111200,-7052,1220,14017
20250207111201,-102,-633,16521
20250207111202,-126,-700,16488
20250207111203,-102,-654,16490
20250207111204,-115,-627,16506
20250207111205,-118,-628,16499
20250207111206,-138,-572,16487
20250207111207,-142,-537,16508
20250207111208,-142,-542,16475
20250207111209,-190,-409,16500
20250207111210,-244,-450,16472
20250207111211,-254,-443,16500
20250207111212,-261,-312,16510
20250207111213,-268,-315,16507
20250207111214,-258,-310,16490
20250207111215,-286,-329,16473
20250207111216,-291,-200,16481
20250207111217,-324,-245,16501
20250207111218,-343,-167,16475
20250207111219,-322,-164,16477
20250207111220,-344,-139,16501
20250207111221,-329,-117,16483
20250207111222,-319,-127,16500
20250207111223,-393,-91,16484
20250207111224,-354,-77,16528
20250207111225,-343,-20,16486
20250207111226,-364,-42,16493
20250207111227,-348,10,16527
20250207111228,-424,-50,16462
20250207111229,-375,-39,16451
20250207111230,-467,-41,16518
20250207111231,-426,-29,16537
20250207111232,-466,-43,16428
20250207111233,-397,48,16499
20250207111234,-412,-46,16439
20250207111235,-407,6,16436
20250207111236,-364,-28,16472
20250207111237,-443,-53,16576
20250207111238,-418,-22,16505
20250207111239,-398,-27,16484
20250207111240,-308,-66,16472
20250207111241,-406,-45,16477
20250207111242,-359,17,16445
20250207111243,-408,-20,16494
20250207111244,-404,-29,16504
20250207111245,-402,1,16516
20250207111246,-455,-29,16471
20250207111247,-444,-25,16514
20250207111248,-458,-28,16479
20250207111249,-525,-7,16419
20250207111250,-444,-18,16481
20250207111251,-468,-4,16507
20250207111252,-490,-18,16458
20250207111253,-463,-6,16482
20250207111254,-442,-12,16456
20250207111255,-442,-17,16482
20250207111256,-457,-29,16502
20250207111257,-440,-22,16478
20250207111258,-521,-7,16505
20250207111259,-481,-7,16483
20250207111300,-445,12,16465
20250207111301,-461,-12,16494
20250207111302,-447,-23,16478
20250207111303,-476,14,16498
20250207111304,-505,6,16478
20250207111305,-453,20,16489
20250207111306,-475,-5,16477
20250207111307,-517,-26,16503
20250207111308,-429,10,16478
20250207111309,-466,-4,16493
20250207111310,-468,-17,16477
20250207111311,-419,-27,16466
20250207111312,-509,16,16483
20250207111313,-487,-35,16475
20250207111314,-481,11,16484
20250207111315,-481,-9,16504
20250207111316,-502,-40,16522
20250207111317,-471,-27,16510
20250207111318,-510,12,16501
20250207111319,-498,30,16501
20250207111320,-532,-42,16507
20250207111321,-1218,-5068,14699
20250207111322,196,19,8522
20250207111323,1482,-7688,14670
20250207111324,1744,-10215,13046
20250207111325,1805,-11568,11855
20250207111326,1956,-12475,10911
20250207111327,1894,-12994,10175
20250207111328,2015,-13520,9568
20250207111329,2062,-13921,9038
20250207111330,2049,-14225,8539
20250207111331,2090,-14513,8075
20250207111332,2099,-14662,7673
20250207111333,2145,-14902,7307
20250207111334,2107,-15065,6963
20250207111335,2150,-15229,6638
20250207111336,2156,-15327,6332
20250207111337,2217,-15444,6052
20250207111338,2196,-15536,5775
20250207111339,2204,-15604,5536
20250207111340,2213,-15702,5302
20250207111341,2249,-15797,5042
20250207111342,2249,-15828,4876
20250207111343,2258,-15885,4667
20250207111344,2240,-15952,4491
20250207111345,2236,-16016,4326
20250207111346,2219,-16072,4153
20250207111347,2268,-16122,4003
20250207111348,2227,-16141,3867
20250207111349,2299,-16164,3724
20250207111350,2263,-16183,3620
20250207111351,2284,-16238,3427
20250207111352,2253,-16242,3389
20250207111353,2400,-16255,3245
20250207111354,2322,-16310,3174
20250207111355,2355,-16331,2959
20250207111356,2349,-16319,2964
20250207111357,2361,-16372,2770
20250207111358,2206,-16330,2661
20250207111359,2270,-16386,2580
20250207111400,2293,-16392,2515
20250207111401,2343,-16422,2402
20250207111402,2331,-16421,2320
20250207111403,2338,-16418,2225
20250207111404,2311,-16425,2142
20250207111405,2353,-16445,2093
20250207111406,2310,-16465,1988
20250207111407,2353,-16499,1911
20250207111408,2354,-16461,1831
20250207111409,2328,-16473,1741
20250207111410,2336,-16520,1648
20250207111411,2377,-16479,1642
20250207111412,2372,-16502,1612
20250207111413,2352,-16502,1535
20250207111414,2336,-16529,1523
20250207111415,2324,-16509,1517
20250207111416,2335,-16501,1473
20250207111417,2316,-16530,1434
20250207111418,2343,-16509,1379
20250207111419,2347,-16513,1321
20250207111420,2357,-16521,1297
20250207111421,2342,-16516,1252
20250207111422,2377,-16528,1230
20250207111423,2394,-16495,1233
20250207111424,2412,-16543,1157
20250207111425,2367,-16524,1098
20250207111426,2366,-16507,1044
20250207111427,2371,-16532,1045
20250207111428,2377,-16548,1036
20250207111429,2400,-16520,1012
20250207111430,2408,-16544,982
20250207111431,2369,-16539,969
20250207111432,2391,-16522,949
20250207111433,2393,-16552,953
20250207111434,2413,-16499,933
20250207111435,2402,-16584,942
20250207111436,2394,-16532,934
20250207111437,2405,-16538,888
20250207111438,2422,-16535,903
20250207111439,2380,-16533,884
20250207111440,570,-2013,20668
20250207111441,14908,5563,2461
20250207111442,-3529,3345,15184
20250207111443,-1862,-1317,16354
20250207111444,-1524,-1829,16519
20250207111445,-1195,-2055,16333
20250207111446,-1307,-2082,16376
20250207111447,-1313,-2047,16343
20250207111448,-1346,-1953,16355
20250207111449,-1398,-1923,16344
20250207111450,-1341,-1946,16370
20250207111451,-1413,-1935,16342
20250207111452,-1426,-1894,16375
20250207111453,-1413,-1863,16373
20250207111454,-1432,-1845,16374
20250207111455,-1435,-1858,16350
20250207111456,-1457,-1841,16338
20250207111457,-1445,-1817,16378
20250207111458,-1456,-1853,16372
20250207111459,-1490,-1834,16366
20250207111500,-1458,-1812,16336
20250207111501,-1497,-1816,16359
20250207111502,-1502,-1789,16357
20250207111503,-1520,-1810,16352
20250207111504,-1518,-1784,16346
20250207111505,-1479,-1782,16373
20250207111506,-1508,-1786,16346
20250207111507,-1493,-1790,16337
20250207111508,-1498,-1756,16355
20250207111509,-1508,-1767,16369
20250207111510,-1523,-1773,16361
20250207111511,-1504,-1751,16363
20250207111512,-1511,-1753,16351
20250207111513,-1549,-1760,16362
20250207111514,-1549,-1766,16348
20250207111515,-1533,-1802,16366
20250207111516,-1542,-1733,16369
20250207111517,-1539,-1765,16367
20250207111518,-1529,-1745,16325
20250207111519,-1540,-1775,16371
20250207111520,-1555,-1543,16368
20250207111521,-1525,-1742,16360
20250207111522,-1528,-1733,16378
20250207111523,-1556,-1717,16381
20250207111524,-1501,-1720,16334
20250207111525,-1565,-1710,16358
20250207111526,-1541,-1773,16361
20250207111527,-1570,-1714,16372
20250207111528,-1547,-1751,16381
20250207111529,-1557,-1660,16337
20250207111530,-1543,-1731,16370
20250207111531,-1541,-1709,16399
20250207111532,-1544,-1760,16322
20250207111533,-1547,-1744,16336
20250207111534,-1587,-1672,16367
20250207111535,-1560,-1681,16343
20250207111536,-1537,-1705,16377
20250207111537,-1565,-1727,16367
20250207111538,-1560,-1688,16369
20250207111539,-1588,-1719,16353
20250207111540,-1578,-1688,16318
20250207111541,-1528,-1668,16353
20250207111542,-1586,-1685,16346
20250207111543,-1582,-1711,16368
20250207111544,-1551,-1689,16351
20250207111545,-1565,-1710,16369
20250207111546,-1586,-1674,16331
20250207111547,-1568,-1688,16347
20250207111548,-1573,-1687,16347
20250207111549,-1578,-1656,16339
20250207111550,-1564,-1638,16366
20250207111551,-1572,-1685,16359
20250207111552,-1596,-1680,16334
20250207111553,-1584,-1699,16356
20250207111554,-1576,-1673,16350
20250207111555,-1565,-1667,16363
20250207111556,-1595,-1632,16356
20250207111557,-1569,-1674,16350
20250207111558,-1613,-1672,16368
20250207111559,-1584,-1659,16358
20250207111600,-1634,-1651,16340
20250207111601,-1570,-1654,16341
20250207111602,-1571,-1636,16335
20250207111603,-1592,-1668,16343
20250207111604,-1579,-1682,16361
20250207111605,-1623,-1659,16364
20250207111606,-1621,-1657,16359
20250207111607,-1572,-1635,16348
20250207111608,-1617,-1671,16384
20250207111609,-1601,-1653,16338
20250207111610,-1616,-1663,16354
20250207111611,-1616,-1615,16313
20250207111612,-1597,-1645,16330
20250207111613,-1630,-1619,16363
20250207111614,4095,2330,15846
20250207111615,11373,-1505,-940
20250207111616,9535,8965,22
20250207111617,15372,11111,2668
20250207111618,13589,8337,3334
20250207111619,13906,7861,3217
20250207111620,14124,7696,3080
20250207111621,14135,7506,3063
20250207111622,14220,7325,3046
20250207111623,14233,7220,3012
20250207111624,14343,7152,3022
20250207111625,14394,7052,3013
20250207111626,14404,6997,3028
20250207111627,14497,6918,3002
20250207111628,14532,6870,2996
20250207111629,14525,6803,2947
20250207111630,14556,6761,2977
20250207111631,14553,6723,2953
20250207111632,14590,6678,2952
20250207111633,14610,6902,2941
20250207111634,14636,6624,2949
20250207111635,14500,6464,2895
20250207111636,14626,6522,2905
20250207111637,14684,6508,2936
20250207111638,14710,6475,2936
20250207111639,14660,6433,2920
20250207111640,14693,6415,2920
20250207111641,14740,6374,2929
20250207111642,14746,6401,2901
20250207111643,14712,6342,2899
20250207111644,14743,6354,2912
20250207111645,14881,6431,2924
20250207111646,14776,6288,2884
20250207111647,14756,6307,2876
20250207111648,14809,6292,2918
20250207111649,14829,6280,2885
20250207111650,14776,6275,2894
20250207111651,14819,6225,2904
20250207111652,14820,6224,2864
20250207111653,14802,6221,2862
20250207111654,14773,6183,2871
20250207111655,14826,6180,2867
20250207111656,14815,6167,2890
20250207111657,14828,6174,2877
20250207111658,14795,6146,2848
20250207111659,14828,6164,2903
20250207111700,14827,6141,2875
20250207111702,14842,6115,2875
20250207111703,14870,6101,2875
20250207111704,14858,6114,2855
20250207111705,14885,6094,2899
20250207111706,14849,6106,2868
20250207111707,14870,6092,2854
20250207111708,14857,6073,2871
20250207111709,14881,6062,2866
20250207111710,14864,6084,2861
20250207111711,14851,6049,2884
20250207111712,14901,6029,2860
20250207111713,14835,6022,2853
20250207111714,14898,6052,2848
20250207111715,14865,6027,2849
20250207111716,14902,6037,2865
20250207111717,14901,6011,2845
20250207111718,14925,6023,2852
20250207111719,14944,6015,2859
20250207111720,14916,5980,2879
20250207111721,14895,5991,2849
20250207111722,14885,6005,2861
20250207111723,14908,5932,2841
20250207111724,14917,5993,2866
20250207111725,14922,5960,2854
20250207111726,14895,5947,2856
20250207111727,14951,5963,2860
20250207111728,14949,5930,2864
20250207111729,14915,5948,2856
20250207111730,14951,5912,2860
20250207111731,14930,5901,2841
20250207111732,14937,5924,2843
20250207111733,14957,5903,2834
20250207111734,14932,5889,2864
20250207111735,14922,5890,2848
20250207111736,14988,5872,2869
20250207111737,14931,5900,2828
20250207111738,14958,5871,2841
20250207111739,14945,5901,2846
20250207111740,14963,5891,2849
20250207111741,14983,5877,2856
20250207111742,14947,5897,2838
20250207111743,14987,5872,2847
20250207111744,14981,5845,2842
20250207111745,14959,5873,2846
20250207111746,14994,5847,2829
20250207111747,14968,5874,2887
20250207111748,14944,5855,2836
20250207111749,14977,5829,2849
20250207111750,14976,5839,2856
20250207111751,14955,5849,2837
20250207111752,14903,5826,2835
20250207111753,14958,5834,2871
20250207111754,15041,5842,2833
20250207111755,14992,5843,2828
20250207111756,14949,5843,2813
20250207111757,14940,5827,2843
20250207111758,14977,5806,2829
20250207111759,15004,5821,2827
20250207111800,14956,5822,2818
20250207111801,14981,5801,2825
20250207111802,15009,5794,2803
20250207111803,14999,5820,2820
20250207111804,14998,5828,2834
20250207111805,14998,5803,2825
20250207111806,14976,5772,2837
20250207111807,14972,5778,2809
20250207111808,15017,5786,2845
20250207111809,15018,5808,2832
20250207111810,14978,5782,2846
20250207111811,14944,5812,2850
20250207111812,14977,5791,2845
20250207111813,14950,5752,2812
20250207111814,14957,5788,2815
20250207111815,15007,5769,2825
20250207111816,14997,5745,2826
20250207111817,15011,5765,2822
20250207111818,15015,5734,2822
20250207111819,15028,5725,2815
20250207111820,14993,5745,2838
20250207111821,14991,5754,2823
20250207111822,15017,5737,2825
20250207111823,15003,5718,2809
20250207111824,15012,5744,2833
20250207111825,15014,5730,2814
20250207111826,15041,5751,2836
20250207111827,15000,5728,2819
20250207111828,15005,5735,2839
20250207111829,15011,5729,2822
20250207111830,15025,5727,2835
20250207111831,15033,5741,2826
20250207111832,15018,5722,2840
20250207111833,14989,5744,2795
20250207111834,15003,5704,2877
20250207111835,15021,5753,2807
20250207111836,15004,5723,2832
20250207111837,15064,5701,2827
20250207111838,15025,5708,2830
20250207111839,15034,5702,2816
20250207111840,15051,5727,2590
20250207111841,15035,5706,2817
20250207111842,15087,5698,2818
20250207111843,15040,5716,2823
20250207111844,15058,5694,2816
20250207111845,15045,5689,2842
20250207111846,15044,5703,2848
20250207111847,15010,5703,2849
20250207111848,15031,5697,2811
20250207111849,15042,5721,2826
20250207111850,15068,5690,2843
20250207111851,15053,5694,2820
20250207111852,15066,5685,2826
20250207111853,15026,5674,2831
20250207111854,15055,5680,2810
20250207111855,15041,5665,2830
20250207111856,15054,5693,2823
20250207111857,15053,5672,2811
20250207111858,15017,5696,2807
20250207111859,15029,5706,2808
20250207111900,15736,195,4711
20250207111901,4721,2624,-15640
20250207111902,-1147,9881,-12924
20250207111903,-172,8035,-14191
20250207111904,-53,7372,-14561
20250207111905,-85,7155,-14695
20250207111906,-20,7071,-14711
20250207111907,-56,6911,-14759
20250207111908,1,6869,-14796
20250207111909,-20121,28895,-15705
20250207111910,3101,-3480,16403
20250207111911,-2524,8337,13864
20250207111912,-491,-101,16500
20250207111913,-911,3043,15085
20250207111914,-2551,6590,14813
20250207111915,-2596,6875,14674
20250207111916,-2621,6954,14663
20250207111917,-2612,7021,14604
20250207111918,-2620,7064,14613
20250207111919,-2589,7075,14596
20250207111920,-2634,7046,14567
20250207111921,-2612,7151,14632
20250207111922,-2611,7112,14561
20250207111923,-2586,7026,14617
20250207111924,-2640,7066,14552
20250207111925,-2669,7084,14584
20250207111926,-2635,7043,14541
20250207111927,-2645,7040,14596
20250207111928,-2693,7060,14569
20250207111929,-2637,7031,14596
20250207111930,-2627,7067,14568
20250207111931,-2627,7031,14589
20250207111932,-2621,7031,14580
20250207111933,-2611,7000,14622
20250207111934,-2615,7017,14632
20250207111935,-2609,6997,14628
20250207111936,-2643,7009,14610
20250207111937,-2660,6982,14629
20250207111938,-2618,7008,14615
20250207111939,-2664,6953,14646
20250207111940,-2635,6998,14605
20250207111941,-2631,6910,14612
20250207111942,-2606,6972,14649
20250207111943,-2625,6933,14628
20250207111944,-2623,6938,14617
20250207111945,-2640,6925,14613
20250207111946,-2613,6936,14630
20250207111947,-2583,6912,14650
20250207111948,-2609,6900,14652
20250207111949,-2632,6904,14660
20250207111950,-2634,6885,14657
20250207111951,-2599,6896,14638
20250207111952,-2610,6892,14671
20250207111953,-2637,6894,14659
20250207111954,-2612,6856,14663
20250207111955,-2616,6846,14675
20250207111956,-2631,6854,14682
20250207111957,-2620,6856,14677
20250207111958,-2565,6864,14724
20250207111959,-2618,6864,14684
20250207112000,-2574,6897,14696
20250207112001,-2633,6837,14746
20250207112002,-2590,6821,14699
20250207112003,-2625,6837,14685
20250207112004,-2618,6916,14660
20250207112005,-2589,6824,14706
20250207112006,-2597,6838,14717
20250207112007,-2597,6772,14699
20250207112008,-2576,6803,14722
20250207112009,-2585,6788,14726
20250207112010,-2591,6760,14803
20250207112011,-2545,6716,14744
20250207112012,-2587,6748,14766
20250207112013,-2581,6774,14726
20250207112014,-2574,6694,14775
20250207112015,-2498,6621,14848
20250207112016,-2589,6661,14783
20250207112017,-2574,6698,14796
20250207112018,-2575,6706,14779
20250207112019,-2614,6708,14780
20250207112020,-2580,6716,14779
20250207112021,-2554,6717,14778
20250207112022,-2580,6646,14767
20250207112023,-2528,6697,14771
20250207112024,-2562,6754,14764
20250207112025,-2593,6704,14782
20250207112026,-2547,6674,14763
20250207112027,-2606,6715,14808
20250207112028,-2594,6725,14731
20250207112029,-2556,6690,14782
20250207112030,-2585,6676,14795
20250207112031,-2553,6652,14825
20250207112032,-2538,6632,14792
20250207112033,-2544,6681,14800
20250207112034,-2574,6657,14844
20250207112035,-2596,6664,14810
20250207112036,-2568,6638,14822
20250207112037,-2576,6601,14803
20250207112038,-2546,6633,14790
20250207112039,-2532,6635,14807
20250207112040,-2572,6664,14801
20250207112041,-2550,6606,14835
20250207112042,-2322,6629,14796
20250207112043,-2535,6623,14830
20250207112044,-2561,6629,14847
20250207112045,-2577,6622,14762
20250207112046,-2575,6628,14820
20250207112047,-2552,6625,14833
20250207112048,-2607,6630,14781
20250207112049,-2574,6633,14805
20250207112050,-2548,6569,14838
20250207112051,-2529,6613,14801
20250207112052,-2554,6622,14806
20250207112053,-2516,6573,14837
20250207112054,-2547,6601,14810
20250207112055,-2608,6590,14860
20250207112056,-2553,6602,14826
20250207112057,-2556,6583,14805
20250207112058,-2547,6564,14825
20250207112059,-2510,6543,14858
20250207112100,-2615,6567,14831
20250207112101,-2563,6548,14833
20250207112102,-2561,6605,14808
20250207112103,-2556,6575,14813
20250207112104,-2536,6620,14802
20250207112105,-2557,6544,14861
20250207112106,-2574,6589,14815
20250207112107,-2527,6568,14844
20250207112108,-2539,6537,14862
20250207112109,-2587,6548,14838
20250207112110,-2577,6566,14814
20250207112111,-2585,6554,14860
20250207112112,-2561,6571,14887
20250207112113,-2578,6558,14837
20250207112114,-2523,6529,14865
20250207112115,-2523,6516,14858
20250207112116,-2548,6532,14843
20250207112117,-2528,6522,14843
20250207112118,-2504,6508,14853
20250207112119,-2553,6521,14849
20250207112120,-2789,6516,14841
20250207112121,-2559,6518,14832
20250207112122,-2579,6506,14872
20250207112123,-2551,6521,14874
20250207112124,-2508,6490,14889
20250207112125,-2550,6499,14865
20250207112126,-2402,6462,14871
20250207112127,-2540,6530,14867
20250207112128,-2518,6550,14868
20250207112129,-2537,6447,14858
20250207112130,-2552,6538,14849
20250207112131,-2510,6492,14868
20250207112132,-2540,6529,14885
20250207112133,-2572,6493,14880
20250207112134,-2522,6454,14868
20250207112135,-2523,6495,14889
20250207112136,-2549,6500,14894
20250207112137,-2501,6448,14923
20250207112138,-2552,6502,14844
20250207112139,-2559,6464,14891
20250207112140,-2525,6483,14882
20250207112141,-2553,6448,14927
20250207112142,-2512,6478,14897
20250207112143,-2503,6463,14866
20250207112144,-2575,6472,14892
20250207112145,-2497,6457,14881
20250207112146,-2533,6508,14859
20250207112147,-2549,6423,14888
20250207112148,-2489,6390,14848
20250207112149,-2495,6425,14897
20250207112150,-2521,6426,14877
20250207112151,-2527,6426,14893
20250207112152,-2787,6447,14920
20250207112153,-2524,6408,14895
20250207112154,-2495,6431,14944
20250207112155,-2524,6442,14883
20250207112156,-2471,6148,14918
20250207112157,-2480,6409,14925
20250207112158,-2575,6417,14920
20250207112159,-2527,6408,14931
20250207112200,-2504,6461,14892
20250207112201,-2543,6388,14885
20250207112202,-2543,6414,14902
20250207112203,-2537,6400,14926
20250207112204,-2534,6390,14899
20250207112205,-2544,6413,14880
20250207112206,-2479,6494,14880
20250207112207,-2466,6408,14920
20250207112208,-2525,6400,14935
20250207112209,-2510,6468,14966
20250207112210,-2515,6433,14926
20250207112211,-2560,6379,14914
20250207112212,-2503,6419,14936
20250207112213,-2515,6404,14919
20250207112214,-2489,6372,14937
20250207112215,-2540,6394,14900
20250207112216,-2523,6373,14900
20250207112217,-2542,6371,14904
20250207112218,-2522,6380,14915
20250207112219,-2496,6351,14930
20250207112220,-2520,6395,14950
20250207112221,-2503,6401,14936
20250207112222,-2538,6338,14952
20250207112223,-2514,6370,14936
20250207112224,-2534,6407,14917
20250207112225,-2527,6385,14935
20250207112226,-2513,6371,14948
20250207112227,-2501,6390,14945
20250207112228,-2522,6377,14932
20250207112229,-2542,6358,14917
20250207112230,-2505,6412,14930
20250207112231,-2497,6374,14978
20250207112232,-2522,6390,14913
20250207112233,-2538,6364,14981
20250207112234,-2528,6363,14938
20250207112235,-2534,6355,14932
20250207112236,-2537,6323,14948
20250207112237,-2522,6355,15001
20250207112238,-2479,6363,14962
20250207112239,-2464,6352,14929
20250207112240,-2506,6338,14963
20250207112241,-2549,6354,14914
20250207112242,-2562,6306,14956
20250207112243,-2490,6336,14948
20250207112244,-2547,6310,14935
20250207112245,-2515,6369,14951
20250207112246,-2517,6388,14956
20250207112247,-2535,6332,14941
20250207112248,-2481,6352,14949
20250207112249,-2435,6332,14908
20250207112250,-2515,6323,14932
20250207112251,-2457,6268,14977
20250207112252,-2517,6303,14979
20250207112253,-2480,6342,14981
20250207112254,-2520,6312,14946
20250207112255,-2506,6318,14972
20250207112256,-2504,6315,14931
20250207112257,-2551,6301,14947
20250207112258,-2514,6301,14956
20250207112259,-2535,6287,14957
20250207112300,-2503,6325,14928
20250207112301,-2442,6320,14968
20250207112302,-2477,6326,14973
20250207112303,-2451,6297,15001
20250207112304,-2493,6302,15009
20250207112305,-2511,6354,14974
20250207112306,-2504,6311,14967
20250207112307,-2480,6286,14932
20250207112308,-2471,6320,14951
20250207112309,-2516,6300,14985
20250207112310,-2472,6275,14964
20250207112311,-2535,6279,14970
20250207112312,-2471,6291,14960
20250207112313,-2529,6267,14969
20250207112314,-2494,6270,14999
20250207112315,-2489,6261,14980
20250207112316,-2508,6297,14970
20250207112317,-2506,6294,14980
20250207112318,-2466,6228,14979
20250207112319,-2480,6242,14986
20250207112320,-2465,6270,14986
20250207112321,-2498,6267,14991
20250207112322,-2521,6277,14985
20250207112323,-2474,6287,14953
20250207112324,-2511,6277,14973
20250207112325,-2497,6260,14990
20250207112326,-2493,6293,14996
20250207112327,-2484,6276,15005
20250207112328,-2497,6238,14968
20250207112329,-2481,6226,14984
20250207112330,-2496,6255,14988
20250207112331,-2483,6217,14907
20250207112332,-2475,6228,15009
20250207112333,-2512,6286,14943
20250207112334,-2508,6200,14997
20250207112335,-2452,6221,15010
20250207112336,-2446,6250,15001
20250207112337,-2461,6222,14966
20250207112338,-2497,6241,14996
20250207112339,-2503,6233,15013
20250207112340,-2492,6193,14982
20250207112341,-2511,6229,14973
20250207112342,-2476,6224,14994
20250207112343,-2475,6235,15003
20250207112344,-2446,6240,15020
20250207112345,-2467,6234,15009
20250207112346,-2485,6249,14995
20250207112347,-2495,6261,15008
20250207112348,-2515,6195,14965
20250207112349,-2489,6244,14981
20250207112350,-2476,6222,15007
20250207112351,-2430,6202,15018
20250207112352,-2482,6194,15007
20250207112353,-2498,6239,14965
20250207112354,-2502,6201,14996
20250207112355,-2489,6272,15021
20250207112356,-2496,6228,15001
20250207112357,-2447,6219,14997
20250207112358,-2476,6250,14994
20250207112359,-2517,6209,15010
20250207112400,-2429,6193,15057
20250207112401,-2476,6210,15028
20250207112402,-2498,6209,14996
20250207112403,-2504,6201,14995
20250207112404,-2485,6206,14984
20250207112405,-2452,6244,15000
20250207112406,-2501,6218,14996
20250207112407,-2493,6215,14992
20250207112408,-2522,6240,15030
20250207112409,-2505,6213,14952
20250207112410,-2474,6182,15000
20250207112411,-2475,6236,15020
20250207112412,-2458,6196,15046
20250207112413,-2466,6171,14995
20250207112414,-2513,6168,15018
20250207112415,-2479,6149,15069
20250207112416,-2450,6177,15009
20250207112417,-2468,6206,15012
20250207112418,-2483,6170,14995
20250207112419,-2479,6161,15017
20250207112420,-2486,6184,15022
20250207112421,-2447,6196,15079
20250207112422,-2444,6169,15026
20250207112423,-2499,6172,15027
20250207112424,-2448,6160,15042
20250207112425,-2440,6198,15041
20250207112426,-2457,6165,15025
20250207112427,-2460,6165,15047
20250207112428,-2466,6200,15027
20250207112429,-2425,6175,15022
20250207112430,-2459,6166,15046
20250207112431,-2453,6172,15072
20250207112432,-2422,6141,15047
20250207112433,-2455,6186,15032
20250207112434,-2454,6149,15069
20250207112435,-2466,6154,15033
20250207112436,-2429,6150,15052
20250207112437,-2437,6146,15038
20250207112438,-2469,6161,15016
20250207112439,-2467,6168,15043
20250207112440,-2445,6177,15044
20250207112441,-2457,6171,15031
20250207112442,-2470,6155,15022
20250207112443,-2445,6129,15025
20250207112444,-2455,6165,15015
20250207112445,-2468,6162,15034
20250207112446,-2473,6134,15048
20250207112447,-2469,6165,15022
20250207112448,-2474,6150,15018
20250207112449,-2469,6142,15035
20250207112450,-2423,6127,15027
20250207112451,-2474,6169,15021
20250207112452,-2467,6158,15038
20250207112453,-2367,6138,15073
20250207112454,-2448,6085,15042
20250207112455,-2446,6179,15024
20250207112456,-2456,6119,15045
20250207112457,-2456,6248,15019
20250207112458,-2463,6150,15065
20250207112459,-2479,6092,15059
20250207112500,-2368,6047,15326
20250207112501,-2441,6111,15074
20250207112502,-2465,6093,15044
20250207112503,-2485,6138,15049
20250207112504,-2424,6106,15060
20250207112505,-2475,6097,15061
20250207112506,-2441,6125,15039
20250207112507,-2445,6167,15045
20250207112508,-2490,6100,15052
20250207112509,-2456,6099,15053
20250207112510,-2437,6093,15086
20250207112511,-2430,6096,15064
20250207112512,-2449,6101,15068
20250207112513,-2455,6075,15046
20250207112514,-2460,6102,15056
20250207112515,-2442,6110,15087
20250207112516,-2414,6078,15075
20250207112517,-2500,6101,15111
20250207112519,-2398,6103,15113
20250207112520,-2491,6118,15070
20250207112521,-2407,6080,15047
20250207112522,-2407,6068,15056
20250207112523,-2426,6084,15064
20250207112524,-2460,6087,15057
20250207112525,-2419,6081,15033
20250207112526,-2415,6074,15054
20250207112527,-2422,6088,15049
20250207112528,-2446,6074,15066
20250207112529,-2443,6064,15075
20250207112530,-2492,6056,15086
20250207112531,-2469,6066,15063
20250207112532,-2442,6082,15056
20250207112533,-2440,6061,15097
20250207112534,-2451,6077,15088
20250207112535,-2463,6026,15062
20250207112536,-2429,6048,15092
20250207112537,-2478,6163,15045
20250207112538,-2442,6013,15106
20250207112539,-2405,6068,15064
20250207112540,-2476,5984,15041
20250207112541,-2489,6022,15188
20250207112542,-2410,6068,15087
20250207112543,-2432,6058,15062
20250207112544,-2448,6061,15058
20250207112545,-2450,6036,15096
20250207112546,-2416,6028,15092
20250207112547,-2427,6089,15102
20250207112548,-2473,6073,15073
20250207112549,-2445,6043,15104
20250207112550,-2426,6069,15150
20250207112551,-2402,6064,15108
20250207112552,-2406,6063,15081
20250207112553,-2449,6068,15059
20250207112554,-2475,6007,15092
20250207112555,-2438,6051,15136
20250207112556,-2445,6052,15056
20250207112557,-2412,6051,15057
20250207112558,-2463,6054,15133
20250207112559,-2470,6034,15065
20250207112600,-2452,6007,15094
20250207112601,-2434,6035,15097
20250207112602,-2430,6002,15081
20250207112603,-2366,6089,15123
20250207112604,-2480,6043,15038
20250207112605,-2443,5993,15112
20250207112606,-2468,6021,15067
20250207112607,-2384,5989,15127
20250207112608,-2439,6030,15087
20250207112609,-2403,6012,15095
20250207112610,-2432,6002,15116
20250207112611,-2452,6044,15092
20250207112612,-2451,6040,15080
20250207112613,-2443,5991,15116
20250207112614,-2404,5989,15109
20250207112615,-2454,6024,15101
20250207112616,-2444,5996,15098
20250207112617,-2439,5981,15017
20250207112618,-2391,6075,15067
20250207112619,-2399,5950,15121
20250207112620,-2453,5975,15100
20250207112621,-2446,5989,15110
20250207112622,-2426,6027,15103
20250207112623,-2416,5995,15070
20250207112624,-2430,5989,15115
20250207112625,-2419,6007,15091
20250207112626,-2436,5975,15124
20250207112627,-2430,5974,15125
20250207112628,-2408,5984,15124
20250207112629,-2439,5983,15102
20250207112630,-2437,5981,15098
20250207112631,-2402,5968,15104
20250207112632,-2434,6012,15110
20250207112633,-2414,5976,15106
20250207112634,-2433,5965,15117
20250207112635,-2434,5967,15120
20250207112636,-2411,5913,15207
20250207112637,-2415,6012,15152
20250207112638,-2414,5969,15115
20250207112639,-2457,5993,15110
20250207112640,-2423,5941,15145
20250207112641,-2406,6018,15094
20250207112642,-2399,5948,15110
20250207112643,-2432,5980,15123
20250207112644,-2412,6047,15144
20250207112645,-2428,5985,15116
20250207112646,-2423,5937,15121
20250207112647,-2426,5962,15084
20250207112648,-2415,5977,15109
20250207112649,-2401,5956,15126
20250207112650,-2446,5944,15125
20250207112651,-2434,5962,15128
20250207112652,-2367,5986,15149
20250207112653,-2440,5936,15103
20250207112654,-2406,5951,15135
20250207112655,-2408,5991,15110
20250207112656,-2427,5969,15141
20250207112657,-2451,5975,15152
20250207112658,-2406,5968,15150
20250207112659,-2405,5968,15142
20250207112700,-2447,5953,15147
20250207112701,-2397,5990,15119
20250207112702,-2405,5973,15151
20250207112703,-2358,5969,15133
20250207112704,-2435,5924,15117
20250207112705,-2409,5993,15142
20250207112706,-2382,5943,15161
20250207112707,-2443,6006,15107
20250207112708,-2431,5923,15118
20250207112709,-2388,5933,15146
20250207112710,-2442,5967,15117
20250207112711,-2440,5964,15140
20250207112712,-2435,5949,15111
20250207112713,-2406,6002,15141
20250207112714,-2404,5967,15126
20250207112715,-2452,5955,15136
20250207112716,-466,-2664,14280
20250207112717,-876,-68,16458
20250207112718,-584,44,16530
20250207112719,-560,-47,16471
20250207112720,-612,-92,16495
20250207112721,-610,-82,16500
20250207112722,-581,-55,16487
20250207112723,-575,-93,16454
20250207112724,-647,-51,16495
20250207112725,-605,-47,16495
20250207112726,-630,-88,16498
20250207112727,-588,-33,16509
20250207112728,-593,-80,16523
20250207112729,-656,-70,16512
20250207112730,-613,-47,16537
20250207112731,-628,-86,16479
20250207112732,-618,-93,16500
20250207112733,-639,-30,16474
20250207112734,-639,-34,16505
20250207112735,-621,-63,16482
20250207112736,-639,-60,16495
20250207112737,-629,-81,16498
20250207112738,-608,-63,16480
20250207112739,-635,-8,16520
20250207112740,-586,-68,16484
20250207112741,-638,-31,16474
20250207112742,-658,-51,16491
20250207112743,-636,-48,16500
20250207112744,-621,-56,16510
20250207112745,-680,-51,16487
20250207112746,-680,-57,16497
20250207112747,-697,-55,16498
20250207112748,-671,-85,16500
20250207112749,-701,-86,16505
20250207112750,-691,-58,16446
20250207112751,-702,-51,16503
20250207112752,-706,-69,16496
20250207112753,-672,-46,16502
20250207112754,-700,-42,16520
20250207112755,-712,-102,16454
20250207112756,-702,-87,16498
20250207112757,-671,-86,16485
20250207112758,-764,-32,16469
20250207112759,-855,189,17199
20250207112800,-783,-77,16477
20250207112801,-700,-69,16531
20250207112802,-701,-45,16476
20250207112803,-718,-85,16487
20250207112804,-724,-68,16491
20250207112805,-735,-44,16497
20250207112806,-739,-64,16473
20250207112807,-711,-64,16492
20250207112808,-712,-48,16507
20250207112809,-724,-64,16476
20250207112810,-746,-49,16479
20250207112811,-743,-42,16443
20250207112812,-711,-52,16505
20250207112813,-776,-39,16490
20250207112814,-697,-72,16492
20250207112815,-730,-39,16471
20250207112816,-741,-64,16485
20250207112817,-769,-51,16482
20250207112818,-718,-62,16458
20250207112819,-744,-47,16467
20250207112820,-747,-91,16477
20250207112821,-724,-63,16477
20250207112822,-712,-39,16515
20250207112823,-721,-60,16490
20250207112824,-732,-82,16479
20250207112825,-737,-39,16507
20250207112826,-726,-17,16497
20250207112827,-733,-55,16480
20250207112828,-743,-57,16493
20250207112829,-776,-80,16477
20250207112830,-710,-49,16481
20250207112831,-745,-50,16474
20250207112832,-717,-42,16471
20250207112833,-712,-49,16455
20250207112834,-732,-64,16508
20250207112835,-746,-44,16526
20250207112836,-733,-33,16513
20250207112837,-772,-59,16489
20250207112838,-745,-104,16470
20250207112839,-735,-45,16515
20250207112840,-698,-44,16463
20250207112841,-793,-41,16455
20250207112842,-754,-49,16492
20250207112843,-742,-32,16487
20250207112844,-731,-73,16481
20250207112845,-743,-56,16498
20250207112846,-717,-49,16468
20250207112847,-751,-29,16462
20250207112848,-740,-76,16504
20250207112849,-739,-45,16502
20250207112850,-741,-36,16464
20250207112851,-750,-62,16436
20250207112852,-766,-69,16505
20250207112853,-727,-76,16462
20250207112854,-751,-71,16496
20250207112855,-685,-55,16473
20250207112856,-745,-65,16498
20250207112857,-755,-65,16506
20250207112858,-747,-59,16480
20250207112859,-737,-56,16499
20250207112900,-714,-77,16471
20250207112901,-715,-40,16521
20250207112902,-736,-81,16498
20250207112903,-778,-66,16471
20250207112904,-703,-85,16468
20250207112905,-719,-74,16484
20250207112906,-783,-63,16488
20250207112907,-757,-27,16446
20250207112908,-757,-65,16492
20250207112909,-735,-76,16477
20250207112910,-718,-36,16512
20250207112911,-753,-62,16474
20250207112912,-727,-55,16480
20250207112913,-743,-72,16488
20250207112914,-757,-53,16515
20250207112915,-746,-73,16511
20250207112916,-781,-57,16457
20250207112917,-764,-25,16438
20250207112918,-754,-54,16489
20250207112919,-785,-48,16484
20250207112920,-713,-54,16483
20250207112921,-732,-69,16482
20250207112922,-756,-74,16482
20250207112923,-752,-56,16483
20250207112924,-771,-54,16466
20250207112925,-746,-60,16461
20250207112926,-755,-50,16499
20250207112927,-710,-43,16474
20250207112928,-735,-55,16473
20250207112929,-741,-72,16474
20250207112930,-745,-38,16469
20250207112931,-740,-74,16472
20250207112932,-718,-70,16498
20250207112933,-739,-38,16484
20250207112934,-751,-47,16464
20250207112935,-756,-19,16482
20250207112936,-757,-67,16440
20250207112937,-745,-73,16465
20250207112938,-772,-39,16495
20250207112939,-769,-58,16483
20250207112940,-760,-50,16474
20250207112941,-727,-18,16256
20250207112942,-774,-34,16493
20250207112943,-762,-42,16455
20250207112944,-760,-68,16463
20250207112945,-718,-77,16434
20250207112946,-769,-94,16495
20250207112947,-819,-38,16011
20250207112948,-720,-37,16427
20250207112949,-582,300,16537
20250207112950,-530,42,16489
20250207112951,-520,19,16465
20250207112952,-646,14,16483
20250207112953,-568,-20,16498
20250207112954,-616,26,16463
20250207112955,-612,17,16483
20250207112956,-631,2,16483
20250207112957,-634,39,16491
20250207112958,-631,56,16499
20250207112959,-645,17,16491
20250207113000,-631,28,16476
20250207113001,-606,41,16489
20250207113002,-642,26,16492
20250207113003,-611,49,16472
20250207113004,-650,22,16488
20250207113005,-622,9,16469
20250207113006,-610,18,16489
20250207113007,-619,-227,16496
20250207113008,-604,53,16529
20250207113009,-624,-3,16492
20250207113010,-634,26,16496
20250207113011,-616,34,16457
20250207113012,-645,39,16517
20250207113013,-593,12,16509
20250207113014,-633,19,16487
20250207113015,-620,23,16527
20250207113016,-632,21,16493
20250207113017,-634,17,16512
20250207113018,-606,33,16501
20250207113019,-604,29,16515
20250207113020,-637,29,16493
20250207113021,-626,56,16490
20250207113022,-647,-3,16501
20250207113023,-615,37,16515
20250207113024,-625,13,16486
20250207113025,-642,4,16522
20250207113026,-609,35,16483
20250207113027,-618,-2,16521
20250207113028,-636,19,16526
20250207113029,-615,19,16460
20250207113030,-626,34,16477
20250207113031,-638,28,16476
20250207113032,-639,55,16481
20250207113033,-613,33,16483
20250207113034,-629,35,16485
20250207113035,-638,10,16519
20250207113036,-671,9,16492
20250207113037,-617,70,16484
20250207113038,-636,23,16484
20250207113039,-622,38,16480
20250207113040,-608,39,16519
20250207113041,-621,47,16498
20250207113042,-620,25,16477
20250207113043,-638,-2,16536
20250207113044,-640,29,16510
20250207113045,-627,41,16496
20250207113046,-622,38,16475
20250207113047,-613,19,16487
20250207113048,-618,27,16485
20250207113049,-582,27,16508
20250207113050,-648,-5,16497
20250207113051,-649,-1,16490
20250207113052,-581,-2,16497
20250207113053,-615,51,16502
20250207113054,-634,5,16506
20250207113055,-621,25,16487
20250207113056,-649,-21,16481
20250207113057,-624,9,16531
20250207113058,-642,-3,16481
20250207113059,-649,24,16493
20250207113100,-635,17,16460
20250207113101,-633,14,16496
20250207113102,-627,21,16480
20250207113103,-608,7,16520
20250207113104,-663,32,16496
20250207113105,-662,9,16487
20250207113106,-619,47,16507
20250207113107,-656,-4,16501
20250207113108,-653,41,16519
20250207113109,-656,30,16522
20250207113110,-645,30,16531
20250207113111,-630,22,16483
20250207113112,-660,-31,16471
20250207113113,-609,19,16484
20250207113114,-640,-8,16519
20250207113115,-649,18,16489
20250207113116,-675,-26,16491
20250207113117,-613,70,16509
20250207113118,-609,-4,16522
20250207113119,-637,-4,16473
20250207113120,-642,26,16495
20250207113121,-624,36,16473
20250207113122,-673,32,16496
20250207113123,-637,34,16482
20250207113124,-438,-258,16539
20250207113125,-506,-1,16485
20250207113126,-7589,6497,14302
20250207113127,-5309,-3319,9374
20250207113128,-102,-182,16520
20250207113129,-204,-70,16490
20250207113130,-216,-181,16511
20250207113131,-287,-194,16521
20250207113132,-305,-174,16526
20250207113133,-285,-228,16511
20250207113134,-256,-262,16512
20250207113135,-303,-197,16488
20250207113136,-927,-1110,16328
20250207113137,7041,-14678,8096
20250207113138,-16744,-5924,-4445
20250207113139,-2234,-14047,-5597
20250207113140,-10778,-7011,-5348
20250207113141,1513,-10102,13219
20250207113142,2076,1847,3035
20250207113143,1254,-496,16468
20250207113144,1286,-505,16452
20250207113145,1244,-543,16428
20250207113146,1271,-528,16497
20250207113147,1267,-547,16427
20250207113148,1275,-594,16450
20250207113149,1207,-669,16463
20250207113150,1239,-640,16435
20250207113151,1243,-648,16484
20250207113152,1266,-679,16418
20250207113153,1165,-642,16446
20250207113154,1179,-690,16435
20250207113155,1240,-686,16424
20250207113156,1193,-667,16438
20250207113157,1205,-717,16468
20250207113158,1165,-719,16441
20250207113159,1199,-700,16451
20250207113200,1198,-706,16464
20250207113201,1188,-739,16454
20250207113202,1197,-719,16472
20250207113203,1240,-716,16440
20250207113204,1178,-757,16479
20250207113205,1200,-753,16452
20250207113206,1190,-777,16455
20250207113207,1195,-769,16459
20250207113208,1203,-781,16446
20250207113209,1178,-821,16488
20250207113210,1214,-809,16444
20250207113211,1165,-816,16443
20250207113212,1182,-763,16451
20250207113213,1203,-758,16468
20250207113214,1151,-755,16465
20250207113215,1165,-802,16462
20250207113216,1166,-780,16470
20250207113217,1164,-810,16476
20250207113218,1199,-782,16481
20250207113219,1197,-826,16430
20250207113220,1161,-773,16464
20250207113221,1161,-798,16464
20250207113222,1149,-832,16438
20250207113223,1186,-768,16450
20250207113224,1170,-806,16472
20250207113225,1136,-799,16439
20250207113226,1172,-842,16457
20250207113227,985,-1500,16197
20250207113228,1144,-1553,16465
20250207113229,1137,-1499,16467
20250207113230,1172,-1488,16417
20250207113231,1135,-1442,16411
20250207113232,1116,-1402,16373
20250207113233,1161,-1448,16428
20250207113234,1162,-1452,16418
20250207113235,1138,-1425,16402
20250207113236,1146,-1417,16439
20250207113237,1156,-1436,16452
20250207113238,1160,-1475,16439
20250207113239,1142,-1470,16440
20250207113240,1156,-1421,16410
20250207113241,1132,-1453,16415
20250207113242,1147,-1425,16425
20250207113243,1139,-1435,16429
20250207113244,1146,-1401,16388
20250207113245,1134,-1410,16459
20250207113246,1108,-1403,16429
20250207113247,1124,-1419,16417
20250207113248,1150,-1438,16422
20250207113249,1134,-1463,16442
20250207113250,1191,-1434,16428
20250207113251,1139,-1401,16405
20250207113252,1164,-1448,16457
20250207113253,1099,-1416,16423
20250207113254,1094,-1407,16401
20250207113255,1158,-1425,16416
20250207113256,1142,-1403,16444
20250207113257,1123,-1456,16466
20250207113258,1103,-1396,16449
20250207113259,1122,-1415,16442
20250207113300,1139,-1395,16429
20250207113301,1126,-1417,16425
20250207113302,1138,-1418,16434
20250207113303,1137,-1391,16427
20250207113304,1126,-1408,16426
20250207113305,1134,-1417,16443
20250207113306,1126,-1417,16415
20250207113307,1136,-1422,16402
20250207113308,1138,-1410,16409
20250207113309,1125,-1401,16446
20250207113310,1157,-1422,16407
20250207113311,1130,-1432,16457
20250207113312,1130,-1393,16431
20250207113313,1111,-1410,16459
20250207113314,1128,-1426,16429
20250207113315,1148,-1378,16419
20250207113316,1126,-1458,16420
20250207113317,1113,-1444,16413
20250207113318,1146,-1379,16431
20250207113319,1163,-1438,16419
20250207113320,1132,-1384,16429
20250207113321,1125,-1373,16449
20250207113322,1140,-1460,16465
20250207113324,1107,-1406,16448
20250207113325,1152,-1416,16449
20250207113326,1146,-1393,16404
20250207113327,1164,-1425,16427
20250207113328,1136,-1446,16448
20250207113329,1166,-1420,16422
20250207113330,1117,-1428,16432
20250207113331,1137,-1411,16400
20250207113332,1122,-1447,16427
20250207113333,1168,-1441,16435
20250207113334,1150,-1436,16452
20250207113335,1114,-1426,16435
20250207113336,1095,-1406,16431
20250207113337,1096,-1417,16424
20250207113338,1151,-1410,16421
20250207113339,1134,-1438,16461
20250207113340,1128,-1390,16434
20250207113341,1106,-1398,16422
20250207113342,1115,-1402,16375
20250207113343,1110,-1417,16438
20250207113344,1134,-1420,16427
20250207113345,1089,-1403,16423
20250207113346,1091,-1451,16427
20250207113347,1110,-1397,16444
20250207113348,1165,-1435,16425
20250207113349,1095,-1425,16428
20250207113350,1142,-1439,16402
20250207113351,1145,-1443,16459
20250207113352,1125,-1409,16449
20250207113353,1125,-1434,16421
20250207113354,1100,-1403,16456
20250207113355,1134,-1391,16439
20250207113356,1106,-1410,16441
20250207113357,1116,-1420,16407
20250207113358,1126,-1457,16427
20250207113359,1111,-1442,16442
20250207113400,1150,-1422,16421
20250207113401,1127,-1438,16397
20250207113402,1109,-1401,16447
20250207113403,1137,-1424,16443
20250207113404,1114,-1425,16436
20250207113405,1132,-1387,16428
20250207113406,1112,-1423,16436
20250207113407,1103,-1418,16416
20250207113408,1137,-1429,16414
20250207113409,1134,-1420,16447
20250207113410,1123,-1405,16414
20250207113411,1122,-1409,16418
20250207113412,1117,-1432,16430
20250207113413,1130,-1465,16407
20250207113414,1094,-1422,16427
20250207113415,1134,-1427,16420
20250207113416,1107,-1410,16429
20250207113417,1092,-1382,16422
20250207113418,1134,-1399,16424
20250207113419,1122,-1404,16403
20250207113420,1147,-1447,16398
20250207113421,1114,-1449,16422
20250207113422,1134,-1451,16454
20250207113423,1119,-1428,16422
20250207113424,1081,-1404,16410
20250207113425,1099,-1397,16397
20250207113426,1097,-1414,16429
20250207113427,1127,-1406,16426
20250207113428,1136,-1431,16380
20250207113429,1145,-1408,16448
20250207113430,1113,-1422,16437
20250207113431,1147,-1425,16420
20250207113432,1138,-1415,16440
20250207113433,1109,-1414,16431
20250207113434,1090,-1386,16436
20250207113435,1137,-1435,16454
20250207113436,1105,-1434,16440
20250207113437,1127,-1463,16432
20250207113438,1124,-1412,16404
20250207113439,1093,-1408,16433
20250207113440,1122,-1378,16418
20250207113441,1128,-1436,16439
20250207113442,1108,-1427,16409
20250207113443,1103,-1428,16455
20250207113444,1131,-1427,16427
20250207113445,1104,-1432,16428
20250207113446,1119,-1407,16423
20250207113447,1110,-1422,16425
20250207113448,1077,-1414,16428
20250207113449,1084,-1405,16436
20250207113450,1128,-1392,16416
20250207113451,1126,-1416,16400
20250207113452,1107,-1413,16396
20250207113453,1113,-1452,16421
20250207113454,1085,-1409,16432
20250207113455,1134,-1417,16436
20250207113456,1110,-1425,16456
20250207113457,1111,-1431,16425
20250207113458,1093,-1443,16423
20250207113459,1098,-1397,16462
20250207113500,1112,-1404,16423
20250207113501,1089,-1421,16398
20250207113502,1148,-1434,16423
20250207113503,1100,-1416,16435
20250207113504,1126,-1429,16451
20250207113505,1090,-1393,16415
20250207113506,1126,-1406,16454
20250207113507,1087,-1423,16444
20250207113508,1043,-1392,16437
20250207113509,1080,-1409,16435
20250207113510,1106,-1446,16454
20250207113511,1113,-1430,16425
20250207113512,1111,-1397,16418
20250207113513,1160,-1444,16402
20250207113514,1077,-1394,16419
20250207113515,1108,-1394,16435
20250207113516,1079,-1410,16399
20250207113517,1114,-1391,16422
20250207113518,1103,-1409,16423
20250207113519,1096,-1407,16442
20250207113520,1104,-1419,16425
20250207113521,1144,-1405,16385
20250207113522,1077,-1394,16426
20250207113523,1128,-1422,16461
20250207113524,1103,-1427,16419
20250207113525,1078,-1414,16416
20250207113526,1116,-1419,16423
20250207113527,1090,-1428,16448
20250207113528,1121,-1429,16402
20250207113529,1122,-1404,16427
20250207113530,1108,-1400,16449
20250207113531,1107,-1407,16412
20250207113532,1123,-1431,16453
20250207113533,1113,-1421,16433
20250207113534,1092,-1422,16407
20250207113535,1137,-1425,16424
20250207113536,1097,-1441,16423
20250207113537,1129,-1435,16428
20250207113538,1139,-1393,16417
20250207113539,1085,-1455,16419
20250207113540,9803,-2779,15519
20250207113541,6194,-3447,14424
20250207113542,-356,-66,16504
20250207113543,-354,-110,16503
20250207113544,-389,-138,16530
20250207113545,-411,-132,16508
20250207113546,-378,-80,16514
20250207113547,-386,-96,16518
20250207113548,-356,-93,16515
20250207113549,-386,-80,16489
20250207113550,-411,-115,16493
20250207113551,-399,-61,16470
20250207113552,-380,-83,16520
20250207113553,-366,-111,16475
20250207113554,-373,-103,16539
20250207113555,-377,-91,16498
20250207113556,-380,-86,16495
20250207113557,-363,-107,16517
20250207113558,-386,-100,16494
20250207113559,-393,-117,16516
20250207113600,-385,-89,16500
20250207113601,-392,-69,16525
20250207113602,-364,-87,16523
20250207113603,-348,-102,16521
20250207113604,-387,-117,16504
20250207113605,-356,-87,16486
20250207113606,-380,-85,16502
20250207113607,-403,-75,16537
20250207113608,-365,-98,16509
20250207113609,-647,-112,16515
20250207113610,-1068,-353,16416
20250207113611,1901,-1131,16311
20250207113612,-561,-116,16519
20250207113613,-543,-147,16511
20250207113614,-554,-134,16515
20250207113615,-530,-156,16500
20250207113616,-542,-155,16493
20250207113617,-525,-133,16504
20250207113618,-557,-150,16495
20250207113619,-515,-169,16491
20250207113620,-541,-137,16457
20250207113621,-509,-148,16510
20250207113622,-517,-131,16484
20250207113623,-548,-185,16505
20250207113624,-541,-146,16499
20250207113625,-524,-151,16510
20250207113626,-543,-138,16490
20250207113627,-504,-152,16504
20250207113628,-494,-185,16515
20250207113629,-258,-163,16484
20250207113630,-540,-189,16526
20250207113631,-481,-169,16482
20250207113632,-530,-186,16481
20250207113633,-534,-137,16502
20250207113634,-523,-94,16461
20250207113635,-482,-106,16495
20250207113636,-506,-155,16481
20250207113637,-507,-179,16493
20250207113638,-508,-206,16487
20250207113639,-643,-151,16430
20250207113640,-513,-167,16493
20250207113641,-518,-116,16485
20250207113642,-519,-131,16506
20250207113643,-538,-183,16487
20250207113644,-535,-130,16548
20250207113645,-519,-127,16499
20250207113646,-529,-153,16519
20250207113647,-553,-177,16522
20250207113648,-498,-227,16540
20250207113649,-563,-121,16502
20250207113650,-556,-83,16489
20250207113651,-462,-148,16488
20250207113652,-579,-49,16529
20250207113653,-548,-150,16525
20250207113654,10178,-4737,15345
20250207113655,6704,-6642,2066
20250207113656,15767,3905,-7054
20250207113657,-2484,1126,11007
20250207113658,-1515,-1906,16343
20250207113659,-1356,-2058,16295
20250207113700,-2289,2210,17410
20250207113701,-1163,-1555,16134
20250207113702,-1224,-1327,16419
20250207113703,-1247,-1223,16508
20250207113704,-1417,-900,16408
20250207113705,-1381,-985,16441
20250207113706,-1321,-881,16448
20250207113707,-1345,-788,16425
20250207113708,-1395,-740,16414
20250207113709,-1379,-637,16427
20250207113710,-1376,-643,16437
20250207113711,-1389,-545,16487
20250207113712,-1417,-512,16455
20250207113713,-1419,-505,16461
20250207113714,-1460,-453,16444
20250207113715,-1475,-497,16428
20250207113716,-1471,-412,16409
20250207113717,-1458,-391,16429
20250207113718,-1380,-376,16498
20250207113719,-1370,-448,16469
20250207113720,-1436,-377,16440
20250207113721,-1457,-336,16465
20250207113722,-1597,-361,16477
20250207113723,-1446,-337,16433
20250207113724,-1486,-210,16421
20250207113725,-1461,-246,16437
20250207113726,-1532,-168,16485
20250207113727,-1557,-150,16388
20250207113728,-1530,-133,16449
20250207113729,-1544,-120,16433
20250207113730,-1510,-89,16420
20250207113731,-1558,-34,16408
20250207113732,-1597,-28,16452
20250207113733,-1536,-53,16423
20250207113734,-1515,-60,16451
20250207113735,-1530,-22,16442
20250207113736,-1520,-21,16427
20250207113737,-1544,-1,16429
20250207113738,-1537,-25,16421
20250207113739,-1554,-8,16460
20250207113740,-1538,-13,16415
20250207113741,-1565,-11,16433
20250207113742,-1496,-33,16437
20250207113743,-1554,-18,16448
20250207113744,-1584,-18,16404
20250207113745,-1523,-53,16435
20250207113746,-1559,-38,16421
20250207113747,-1523,-36,16422
20250207113748,-1566,11,16460
20250207113749,-1586,-51,16429
20250207113750,-1571,-19,16420
20250207113751,-1559,-12,16446
20250207113752,-1574,-16,16449
20250207113753,-1544,-38,16405
20250207113754,-1564,-29,16417
20250207113755,-1538,-36,16415
20250207113756,-1548,5,16417
20250207113757,-1565,-5,16430
20250207113758,-1544,-30,16431
20250207113759,-1544,-40,16425
20250207113800,-1531,-18,16395
20250207113801,-1589,-45,16416
20250207113802,-1552,-55,16433
20250207113803,-1512,-29,16433
20250207113804,-1556,13,16434
20250207113805,-1527,-35,16445
20250207113806,-1599,-26,16412
20250207113807,-1584,-29,16399
20250207113808,-1536,-4,16418
20250207113809,-1559,-59,16416
20250207113810,-1570,-24,16428
20250207113811,-1586,-16,16437
20250207113812,-1578,-39,16438
20250207113813,-1555,-17,16434
20250207113814,-1599,-15,16398
20250207113815,-1565,-26,16449
20250207113816,-1536,-55,16435
20250207113817,-1552,-2,16454
20250207113818,-1571,-32,16417
20250207113819,-1533,-67,16418
20250207113820,-1551,-91,16461
20250207113821,-1535,-56,16430
20250207113822,-1550,-10,16434
20250207113823,-1549,3,16416
20250207113824,-1595,-20,16429
20250207113825,-1583,-23,16420
20250207113826,-1612,-54,16432
20250207113827,-1585,-29,16422
20250207113828,-1556,-63,16436
20250207113829,-1541,-29,16428
20250207113830,-1579,-26,16437
20250207113831,-1534,-44,16432
20250207113832,-1542,-57,16483
20250207113833,-1580,-35,16438
20250207113834,-1594,-37,16424
20250207113835,-1543,-6,16434
20250207113836,-1560,-22,16411
20250207113837,-1555,-31,16396
20250207113838,-1594,3,16467
20250207113839,-1588,-40,16396
20250207113840,-1580,-49,16418
20250207113841,-1547,-30,16406
20250207113842,-1565,-23,16419
20250207113843,-1586,-24,16429
20250207113844,-1599,-50,16439
20250207113845,-1540,-5,16442
20250207113846,-1521,-41,16402
20250207113847,-1529,-44,16441
20250207113848,2911,-10392,5596
20250207113849,-6839,-10353,4818
20250207113850,567,-16527,3169
20250207113851,865,-16123,2555
20250207113852,3653,-15920,3541
20250207113853,4509,-14832,5483
20250207113854,4852,-13912,7159
20250207113855,-276,-12745,11303
20250207113856,1941,-17678,5196
20250207113857,-2521,-15450,-188
20250207113858,-10475,-11781,-4097
20250207113859,442,-15440,-6428
20250207113900,-6896,-15276,6424
20250207113901,7178,-11931,-8299
20250207113902,-7539,-14184,1191
20250207113903,8327,-14552,-4529
20250207113904,-3030,-15248,-11825
20250207113905,-7679,5278,18347
20250207113906,4766,-823,17033
20250207113907,-9,-483,16667
20250207113908,-196,-955,16691
20250207113909,-11760,-8211,4729
20250207113910,-1231,-9429,11300
20250207113911,-1378,-7533,16363
20250207113912,-2754,-14365,7951
20250207113913,1419,-16002,-5295
20250207113914,-8020,2018,15124
20250207113915,-7439,9331,13975
20250207113916,-3009,4701,16329
20250207113917,293,-324,16774
20250207113918,1313,-1784,16327
20250207113919,507,-1423,16448
20250207113920,-85,-241,16505
20250207113921,-77,-251,16525
20250207113922,-70,-218,16500
20250207113923,-63,-227,16548
20250207113924,-97,-211,16517
20250207113925,-98,-220,16521
20250207113926,-74,-187,16501
20250207113927,-94,-225,16509
20250207113928,-67,-212,16408
20250207113929,-121,-195,16512
20250207113930,-76,-218,16541
20250207113931,-97,-202,16499
20250207113932,-82,-220,16503
20250207113933,-65,-233,16528
20250207113934,-84,-219,16484
20250207113935,-99,-227,16521
20250207113936,-118,-196,16520
20250207113937,-88,-238,16496
20250207113938,-87,-229,16495
20250207113939,-92,-208,16512
20250207113940,-119,-202,16494
20250207113941,-90,-221,16539
20250207113942,-103,-195,16481
20250207113943,-74,-199,16502
20250207113944,-68,-196,16528
20250207113945,-75,-206,16514
20250207113946,-99,-205,16526
20250207113947,-74,-218,16503
20250207113948,-88,-195,16508
20250207113949,-67,-232,16524
20250207113950,-52,-176,16501
20250207113951,-82,-198,16500
20250207113952,-76,-201,16535
20250207113953,-92,-195,16514
20250207113954,-65,-224,16524
20250207113955,-69,-228,16528
20250207113956,-72,-198,16505
20250207113957,-106,-211,16509
20250207113958,-85,-222,16501
20250207113959,-95,-203,16524
20250207114000,-59,-193,16500
20250207114001,-63,-229,16506
20250207114002,-87,-220,16513
20250207114003,-75,-204,16530
20250207114004,-60,-231,16513
20250207114005,-79,-188,16491
20250207114006,-73,-207,16502
20250207114007,-27,-312,16482
20250207114008,-101,-240,16503
20250207114009,351,-2937,16712
20250207114010,1629,-5826,15526
20250207114011,-1319,-2065,16420
20250207114012,-1439,-1969,16379
20250207114013,-1458,-1937,16362
20250207114014,-1527,-1861,16357
20250207114015,-1509,-1890,16377
20250207114016,-1526,-1929,16324
20250207114017,-1526,-1887,16330
20250207114018,-1534,-1882,16334
20250207114019,-1520,-1840,16298
20250207114020,-1537,-1885,16342
20250207114021,-1523,-1874,16349
20250207114022,-1517,-1880,16217
20250207114023,-1561,-1859,16345
20250207114024,-1565,-1878,16329
20250207114025,-1571,-1896,16347
20250207114026,-1566,-1860,16326
20250207114027,-1586,-1880,16333
20250207114028,-1493,-1788,15957
20250207114029,-1586,-1865,16359
20250207114030,-1577,-1897,16357
20250207114031,-1608,-1873,16422
20250207114032,-1573,-1948,16346
20250207114033,-1607,-1848,16350
20250207114034,-872,-2208,16318
20250207114035,-951,-3963,16346
20250207114036,-8175,7220,11845
20250207114037,-5396,4039,14874
20250207114038,-2921,-549,15597
20250207114039,-2698,-375,16039
20250207114040,-2827,-368,16064
20250207114041,-2771,-419,16277
20250207114042,-3065,-437,16299
20250207114043,-2722,-322,16324
20250207114044,-2742,-494,16266
20250207114045,-2749,-428,16242
20250207114046,-2742,-424,16310
20250207114047,-2557,-1393,17097
20250207114048,-2792,-389,16308
20250207114049,-2760,-375,16335
20250207114050,-2655,-867,14782
20250207114051,-2903,-340,16288
20250207114052,-2892,-353,16240
20250207114053,-3106,-9,16476
20250207114054,-2912,-317,16232
20250207114055,-2900,-361,16100
20250207114056,-2943,-375,16242
20250207114057,-2904,-406,16209
20250207114058,-2901,-383,16246
20250207114059,-2921,-312,16256
20250207114100,-2961,-367,16249
20250207114101,-2899,-367,16246
20250207114102,-2943,-405,16202
20250207114103,-2924,-381,16266
20250207114104,-2910,-372,16221
20250207114105,-3014,-368,16230
20250207114106,-2879,-371,16260
20250207114107,-2900,-411,16242
20250207114108,-2904,-405,16224
20250207114109,-2888,-370,16212
20250207114110,-4127,-398,15934
20250207114111,-3978,-408,16008
20250207114112,-3521,-361,16100
20250207114113,-3443,-404,16165
